{
  "log_scale": true,
  "buckets": {
    "superspreader": {
      "features": [
        "influence_score",
        "h_index",
        "tai_score",
        "tash_index"
      ],
      "mean": [
        2.080905357434647,
        0.9152112550647971,
        0.4616388256506251,
        0.25708392911527633
      ],
      "scale": [
        1.1306642359141423,
        0.3509320014250151,
        0.598255159348812,
        0.2714258443402424
      ],
      "loadings": [
        0.4926992360919913,
        0.5104124091953373,
        0.5334029880299398,
        0.46066027357968653
      ],
      "lo": -1.5979004384453352,
      "hi": 25.50818591037595
    },
    "amplifier": {
      "features": [
        "repost_count",
        "repost_rate",
        "ear_index",
        "amplification_breadth"
      ],
      "mean": [
        1.1730520683416807,
        0.557551116537898,
        1.8502640827404961,
        1.1094229683331738
      ],
      "scale": [
        1.324147831113532,
        0.7938600396377158,
        2.0926885499210104,
        1.2409342343060725
      ],
      "loadings": [
        0.5298599223002509,
        0.5131419996170342,
        0.41763636046386554,
        0.5305785723033869
      ],
      "lo": -1.6733983315279006,
      "hi": 10.583438984788481
    },
    "coordinated": {
      "features": [
        "co_action_rate",
        "co_action_size",
        "co_action_latency",
        "niche_co_action"
      ],
      "mean": [
        0.13486931342041897,
        0.3908942125530697,
        0.013298013092725158,
        0.09966385004733659
      ],
      "scale": [
        0.2062508617500919,
        0.7259777165295976,
        0.04879674702075961,
        0.23183396002901197
      ],
      "loadings": [
        0.5922384120978331,
        0.5743652467519053,
        0.3495620376867466,
        0.444032215461615
      ],
      "lo": -0.9826788752075355,
      "hi": 13.914990056271591
    }
  }
}